hash,path1,split1,dataset1,path2,split2,dataset2,category
ec2fe5801c82d7ffff332b9429480c6a432830ccce2f7e1aec1cc4c05f6a0abb,data/PlantVillage/Apple___healthy/11beda66-01e9-4bfd-be37-c0f8646d1478___RS_HL 6271.JPG,train,PlantVillage,data/PlantVillage/Apple___healthy/13298d36-4425-437d-ae8e-c7d70e200084___RS_HL 6271.JPG,unknown,PlantVillage,Other
5d486b62abe59b8dea5aef6b63f887bacd12bbc3cb2a154eb45a7a522e5d88c9,data/PlantVillage/Apple___healthy/14896dc0-688d-456f-b5ec-a037695b0193___RS_HL 6268.JPG,train,PlantVillage,data/PlantVillage/Apple___healthy/c21cf428-bfc3-4710-b5d2-69d1c0e94748___RS_HL 6268.JPG,unknown,PlantVillage,Other
372bc4a6e18895011eaa18638acf8cdd83db9c5909af02cd833263d5cfeb0cbe,data/PlantVillage/Apple___healthy/1ab5e019-e5f0-4d8e-a252-94cb0aab8b0a___RS_HL 6269.JPG,train,PlantVillage,data/PlantVillage/Apple___healthy/3673d121-b5de-481c-b057-d4ee5b4959b1___RS_HL 6269.JPG,unknown,PlantVillage,Other
6b242d89b134aa87000f8397d0e85f8448e3b3d607d3b7951cf69a2f3e92b0e2,data/PlantVillage/Apple___healthy/3d075f90-7002-4c45-abc0-4f35ee49aa79___RS_HL 6272.JPG,train,PlantVillage,data/PlantVillage/Apple___healthy/acb21cc2-8d65-4880-a7bb-dcc1eab1564b___RS_HL 6272.JPG,unknown,PlantVillage,Other
767bbeee0c319d4097d7a6d949c6d21def97ceb2d16068eb5b94df42619acc8a,data/PlantVillage/Apple___healthy/5192db55-4aa7-421c-92d4-c2dac79e7379___RS_HL 6273.JPG,train,PlantVillage,data/PlantVillage/Apple___healthy/9b75de13-d4b0-4b3f-988c-3e9926eef957___RS_HL 6273.JPG,unknown,PlantVillage,Other
d4b74359138ab2e04caffe9733f40ccdf616ee2fc9a4ecb2f058d7ba98c94fa8,data/PlantVillage/Apple___healthy/ced4e27a-5eff-4190-a33a-cdc3d84c811e___RS_HL 6270.JPG,train,PlantVillage,data/PlantVillage/Apple___healthy/dc18b924-f172-445d-8fed-61445d437aaa___RS_HL 6270.JPG,unknown,PlantVillage,Other
262198126fd6d982126b69261723e13abb36b3831387972f3aef7ebeedecf0a6,data/PlantVillage/Apple___healthy/f2cda910-55c7-46d7-b1a2-9a3bb9792148___RS_HL 6274.JPG,train,PlantVillage,data/PlantVillage/Apple___healthy/fdbfa6f7-f887-442d-8df1-1f0cf839fc4d___RS_HL 6274.JPG,unknown,PlantVillage,Other
2a05a74db3a270ac0ec77c00ebe89a332eed589819435129cc3c29eb6e701eb2,data/PlantVillage/Tomato___healthy/068e324c-faf6-40d6-8f83-578907f1cac5___GH_HL Leaf 466.1.JPG,train,PlantVillage,data/PlantVillage/Tomato___healthy/34c81c57-e1fa-49dd-a49d-34fe8b2385fe___GH_HL Leaf 466.1.JPG,unknown,PlantVillage,Other
61f6fa6195ef5c59c4918a292c641d4cd3d2d31ff051dcd0f36a625daf93f5ef,data/PlantVillage/Tomato___healthy/1af0bfe1-4bcf-4b8b-be66-5d0953eb647e___GH_HL Leaf 482.2.JPG,train,PlantVillage,data/PlantVillage/Tomato___healthy/cfd491d6-4af5-4728-8f0e-0d330a07174a___GH_HL Leaf 482.2.JPG,unknown,PlantVillage,Other
addddf5cb2a74192c9836be70fc223659062675eb325d55429c341a0c44937d0,data/PlantVillage/Tomato___healthy/37203047-d8ba-43f7-b31e-d496c41c569c___GH_HL Leaf 389.JPG,train,PlantVillage,data/PlantVillage/Tomato___healthy/505465db-407b-4e0a-8110-7479dad5261c___GH_HL Leaf 389.JPG,unknown,PlantVillage,Other
68cda8c3ceca7626cc6727e14186d356b10d1e345eb16e425ef82f21a30258ed,data/PlantVillage/Tomato___healthy/37aad83b-7ff8-4b35-b3ed-fb8e0f54910b___GH_HL Leaf 342.1.JPG,train,PlantVillage,data/PlantVillage/Tomato___healthy/e786ac89-29fe-47e3-b49e-b9a9ee7edd9d___GH_HL Leaf 342.1.JPG,unknown,PlantVillage,Other
12852b3616bcf0ba39b03b5677e74f50f5f6abf4d38957fe17949e23e2a4b244,data/PlantVillage/Tomato___healthy/488feb1c-4b9f-44e7-8aa6-4103a9601f5f___GH_HL Leaf 434.JPG,train,PlantVillage,data/PlantVillage/Tomato___healthy/a5de43e7-fc2f-4a14-a8e6-c0f2f94c84f1___GH_HL Leaf 434.JPG,unknown,PlantVillage,Other
32e9ffabaa054c19ae8df95e94fbd7a25105defdea1214eb5f8bd804ea9a7428,data/PlantVillage/Tomato___healthy/9662364c-aaba-45e3-b907-10792d60578c___GH_HL Leaf 220.JPG,train,PlantVillage,data/PlantVillage/Tomato___healthy/d2ce7896-6fa4-45e6-96c5-d162da0e3e1c___GH_HL Leaf 220.JPG,unknown,PlantVillage,Other
7ff8410db407008bb9aecf0cc5505f2b47ffd89e508413a30ea983b4bc169714,data/PlantVillage/Tomato___Late_blight/1a69b38b-c4eb-42c4-9584-bcb14fb8db0c___GHLB2 Leaf 9011.JPG,train,PlantVillage,data/PlantVillage/Tomato___Late_blight/2c47b891-3c97-48f1-a2cc-5aa53d3a1148___GHLB2 Leaf 9011.JPG,unknown,PlantVillage,Other
4913a3835e692530e507d542caccacc0d0a7b2fd708782cdec6236a1a0dbbcd6,data/PlantVillage/Tomato___Late_blight/3fae9c64-18f0-4a67-9f97-554248bb1bed___GHLB_PS Leaf 24 Day 16.jpg,train,PlantVillage,data/PlantVillage/Tomato___Late_blight/5de6da85-f8c4-48c4-b463-3e6bd78884cc___GHLB_PS Leaf 24 Day 16.jpg,unknown,PlantVillage,Other
375eee7b5da77c7afdd73d089574bee3148d04cbe266ee070ee4774d26aca750,data/PlantVillage/Tomato___Late_blight/48c55974-9fe9-4f4b-94f7-c8cd127d1e05___GHLB_PS Leaf 23.7 Day 13.jpg,train,PlantVillage,data/PlantVillage/Tomato___Late_blight/bd4f09bd-ee85-4ab1-bce0-8cde3fdd7f1b___GHLB_PS Leaf 23.7 Day 13.jpg,unknown,PlantVillage,Other
6e1610d4e0f6f84108af112322d11779254b2b2d41958449c64b0bf938628444,data/PlantVillage/Tomato___Late_blight/5688ea99-c949-41d0-bbab-9cbf0ffb8bcd___GHLB2 Leaf 8677.JPG,train,PlantVillage,data/PlantVillage/Tomato___Late_blight/e20107e7-137f-400e-817f-5dc4c58e5d70___GHLB2 Leaf 8677.JPG,unknown,PlantVillage,Other
2aeb7479e975df37dfb54aa7b403f57f2ad90b018c37809e572a2a932f55d2a7,data/PlantVillage/Tomato___Late_blight/5f21282c-e2ef-4c4a-ace1-b5701fe7effc___GHLB2 Leaf 8999.JPG,train,PlantVillage,data/PlantVillage/Tomato___Late_blight/e5d707cd-077c-43af-bda9-6138e516ff51___GHLB2 Leaf 8999.JPG,unknown,PlantVillage,Other
3a60a7b6f3a287981d21dca37f27e5480cc46d1144688d435e53db7a47b7006f,data/PlantVillage/Tomato___Late_blight/861d8b00-57a4-46b0-b51a-09d102dbe119___GHLB_PS Leaf 24 Day 13.jpg,test,PlantVillage,data/PlantVillage/Tomato___Late_blight/d82b634e-9a19-497b-b698-aaf100d622a1___GHLB_PS Leaf 24 Day 13.jpg,unknown,PlantVillage,Other
90220c67ab2c3ed150e93f0c26691d463200e784c74152e62acedac8a4d2d525,data/PlantVillage/Tomato___Late_blight/98586693-fe1f-4ea0-8e27-4501b61cf09b___GHLB_PS Leaf 23.5 Day 13.jpg,train,PlantVillage,data/PlantVillage/Tomato___Late_blight/c1775bad-7c02-41fb-bb7d-f8df91d60ac3___GHLB_PS Leaf 23.5 Day 13.jpg,unknown,PlantVillage,Other
a05e573ae6c4a28b077b8c9d01249be849f4f8e1790b2625b42c6bc01098f718,data/PlantVillage/Tomato___Late_blight/d6e6897a-5083-4914-9903-804c5684a956___GHLB2 Leaf 102.JPG,train,PlantVillage,data/PlantVillage/Tomato___Late_blight/d81682aa-746b-4e07-af2b-52ebb6f4c017___GHLB2 Leaf 102.JPG,unknown,PlantVillage,Other
07b9b0a3395d6643e0033f5327c188305479c20a67b9e0081efec85139d63306,data/PlantDoc/test/Blueberry leaf/blueberry-leaves-normal-above-and-iron-deficient-below-bgahf8.jpg,unknown,PlantDoc,data/PlantDoc/train/Blueberry leaf/blueberry-leaves-normal-above-and-iron-deficient-below-bgahf8.jpg,train,PlantDoc,Other
ee3838e2249e671b7b4510b0d3831f30882e2bcbf20c9c8c42ee8f4e1b95fcce,data/PlantDoc/test/Corn Gray leaf spot/IMG_42231.jpg,test,PlantDoc,data/PlantDoc/train/Corn leaf blight/IMG_42231.jpg,unknown,PlantDoc,Other
6e777d1b6829140e66573f918c0f1681ca4cd2979859c37435c84977153ec223,data/PlantDoc/test/Corn leaf blight/2015070295153021.jpg,unknown,PlantDoc,data/PlantDoc/train/Corn Gray leaf spot/2015070295153021.jpg,train,PlantDoc,Other
9120578a76fd8539da220def6e0609ebb2435decc7a9c34b949e46e86e794c8d,data/PlantDoc/test/Corn leaf blight/corn-gray-leaf-spot-f4.jpg,unknown,PlantDoc,data/PlantDoc/train/Corn Gray leaf spot/corn-gray-leaf-spot-f4.jpg,train,PlantDoc,Other
64c0f7b5701e815769bad881c0834ffb3b58018233fc3af42c3a1b7968f86973,data/PlantDoc/test/Potato leaf early blight/backus-056-potato-blight.jpg,train,PlantDoc,data/PlantDoc/train/Potato leaf late blight/backus-056-potato-blight.jpg,unknown,PlantDoc,Other
c53ad8d40c38debfbc0b79a87d0f3649c20b933a65f5b78a6931f59d06aad498,data/PlantDoc/test/Potato leaf late blight/1421_0.jpeg_itok=FMtmgePj.jpg,unknown,PlantDoc,data/PlantDoc/train/Potato leaf early blight/1421_0.jpeg_itok=FMtmgePj.jpg,train,PlantDoc,Other
a981ee59e5e1dcafd0d225f74369a05969200352c17743318c31987083ab6f4c,data/PlantDoc/test/Potato leaf late blight/5816740026_d42ef24413_Phytophthora-Infestans.jpg,unknown,PlantDoc,data/PlantDoc/train/Potato leaf early blight/5816740026_d42ef24413_Phytophthora-Infestans.jpg,train,PlantDoc,Other
9dd93b4217495fbb725cfdded86d3dc5f98955c9616fff5323be1a00df17be8b,data/PlantDoc/test/Potato leaf late blight/irish-blight-symptoms-on-potato-leaves-atmf8b.jpg,unknown,PlantDoc,data/PlantDoc/train/Potato leaf early blight/irish-blight-symptoms-on-potato-leaves-atmf8b.jpg,train,PlantDoc,Other
e23a29c94b58aac28e92f57f95eb6f53e99c874323cb2b90ebd327085721574e,data/PlantDoc/test/Tomato leaf bacterial spot/tomato_V8.jpg,train,PlantDoc,data/PlantDoc/train/Tomato Septoria leaf spot/tomato_V8.jpg,unknown,PlantDoc,Other
3c52144e19e95cc3d4170407eaf729d0981b934615eaa183f7f5aa29d8ef265a,data/PlantDoc/test/Tomato leaf yellow virus/tylcv-seminar-1-638.jpg,unknown,PlantDoc,data/PlantDoc/train/Tomato leaf yellow virus/tylcv-seminar-1-638.jpg,train,PlantDoc,Other
93c989d8551209bf34d4002ee9fae48ddbf6ab66fc3c27466c0473bcc7c0a2b7,data/PlantDoc/test/Tomato Septoria leaf spot/early-blight-septoria-ls-fig-3.jpg,unknown,PlantDoc,data/PlantDoc/train/Tomato Septoria leaf spot/early-blight-septoria-ls-fig-3.jpg,train,PlantDoc,Other
e5f14a70fc7a687a5846749d5499872c7c3320e81aea1358e481f7100b7ba242,data/PlantDoc/train/Potato leaf early blight/18028_1.jpg,train,PlantDoc,data/PlantDoc/train/Potato leaf late blight/24064_1.jpg,unknown,PlantDoc,Other
